{ "Previsiones":[  {"Id_Previsiones":1,"Banco": "Caixa","Concepto": "Sueldo Ana","DiaMes_de_cargo": "01-01",
                     "Periodo": "Mensual","Importe": 1500, "Tipo_movimiento": 1},
                   {"Id_Previsiones":2, "Banco": "Santander", "Concepto": "Sueldo Juan", "DiaMes_de_cargo": "01-01",
                    "Periodo": "Mensual","Importe": 900,"Tipo_movimiento": 1},
                   {"Id_Previsiones":3,"Banco": "Caixa", "Concepto": "Hipoteca", "DiaMes_de_cargo": "15-06",
                    "Periodo": "Mensual","Importe": 600, "Tipo_movimiento": 2},
                   {"Id_Previsiones":4,"Banco": "Caixa", "Concepto": "Luz", "DiaMes_de_cargo": "15-02",
                    "Periodo": "Bimensual","Importe": 35, "Tipo_movimiento": 2},
                    {"Id_Previsiones":5,"Banco": "Caixa", "Concepto": "Agua", "DiaMes_de_cargo": "01-01",
                    "Periodo": "Bimensual","Importe": 30, "Tipo_movimiento": 2},
                    {"Id_Previsiones":6,"Banco": "Caixa", "Concepto": "Basura", "DiaMes_de_cargo": "15-01",
                    "Periodo": "Mensual","Importe": 10, "Tipo_movimiento": 2},
                    {"Id_Previsiones":7,"Banco": "Caixa", "Concepto": "IBI", "DiaMes_de_cargo": "01-01",
                    "Periodo": "Anual","Importe": 200, "Tipo_movimiento": 2},
                    {"Id_Previsiones":8,"Banco": "Santander", "Concepto": "Teléfono", "DiaMes_de_cargo": "01-01",
                    "Periodo": "Mensual","Importe": 70, "Tipo_movimiento": 2},
                    {"Id_Previsiones":9,"Banco": "Santander", "Concepto": "ITV", "DiaMes_de_cargo": "01-04",
                    "Periodo": "Anual","Importe": 38, "Tipo_movimiento": 2},
                    {"Id_Previsiones":10,"Banco": "Santander", "Concepto": "Comida", "DiaMes_de_cargo": "01-01",
                    "Periodo": "Mensual","Importe": 300, "Tipo_movimiento": 2},
                    {"Id_Previsiones":11,"Banco": "Santander", "Concepto": "Farmacia", "DiaMes_de_cargo": "01-01",
                    "Periodo": "Trimestral","Importe": 30, "Tipo_movimiento": 2},
                    {"Id_Previsiones":12,"Banco": "Santander", "Concepto": "Cine", "DiaMes_de_cargo": "01-01",
                    "Periodo": "Mensual","Importe": 12, "Tipo_movimiento": 2}

],
  "SaldoInicial":[{"Saldo_Inicial":2800}]
}
