<datos>
    <proveedores>
        <proveedor numprov="v1">
            <nombreprov>Smith</nombreprov>
            <estado>20</estado>
            <ciudad>Londres</ciudad>
        </proveedor>
        <proveedor numprov="v2">
            <nombreprov>Jones</nombreprov>
            <estado>10</estado>
            <ciudad>Paris</ciudad>
        </proveedor>
        <proveedor numprov="v3">
            <nombreprov>Blake</nombreprov>
            <estado>30</estado>
            <ciudad>Paris</ciudad>
        </proveedor>
        <proveedor numprov="v4">
            <nombreprov>Clarke</nombreprov>
            <estado>20</estado>
            <ciudad>Londres</ciudad>
        </proveedor>
        <proveedor numprov="v5">
            <nombreprov>Adams</nombreprov>
            <estado>30</estado>
            <ciudad>Atenas</ciudad>
        </proveedor>
    </proveedores>
    <partes>
        <parte numparte="p1">
            <nombreparte>Tuerca</nombreparte>
            <color>Rojo</color>
            <peso>12</peso>
            <ciudad>Londres</ciudad>
        </parte>
        <parte numparte="p2">
            <nombreparte>Perno</nombreparte>
            <color>Verde</color>
            <peso>17</peso>
            <ciudad>Paris</ciudad>
        </parte>
        <parte numparte="p3">
            <nombreparte>Tornillo</nombreparte>
            <color>Azul</color>
            <peso>17</peso>
            <ciudad>Roma</ciudad>
        </parte>
        <parte numparte="p4">
            <nombreparte>Tornillo</nombreparte>
            <color>Rojo</color>
            <peso>14</peso>
            <ciudad>Londres</ciudad>
        </parte>
        <parte numparte="p5">
            <nombreparte>Leva</nombreparte>
            <color>Azul</color>
            <peso>12</peso>
            <ciudad>Paris</ciudad>
        </parte>
        <parte numparte="p6">
            <nombreparte>Engranaje</nombreparte>
            <color>Rojo</color>
            <peso>19</peso>
            <ciudad>Londres</ciudad>
        </parte>
    </partes>
    <proyectos>
        <proyecto numproyecto="y1">
            <nombreproyecto>Clasificador</nombreproyecto>
            <ciudad>Paris</ciudad>
        </proyecto>
        <proyecto numproyecto="y2">
            <nombreproyecto>Monitor</nombreproyecto>
            <ciudad>Roma</ciudad>
        </proyecto>
        <proyecto numproyecto="y3">
            <nombreproyecto>OCR</nombreproyecto>
            <ciudad>Atenas</ciudad>
        </proyecto>
        <proyecto numproyecto="y4">
            <nombreproyecto>Consola</nombreproyecto>
            <ciudad>Atenas</ciudad>
        </proyecto>
        <proyecto numproyecto="y5">
            <nombreproyecto>RAID</nombreproyecto>
            <ciudad>Londres</ciudad>
        </proyecto>
        <proyecto numproyecto="y6">
            <nombreproyecto>EDS</nombreproyecto>
            <ciudad>Oslo</ciudad>
        </proyecto>
        <proyecto numproyecto="y7">
            <nombreproyecto>Cinta</nombreproyecto>
            <ciudad>Londres</ciudad>
        </proyecto>
    </proyectos>
    <suministros>
        <suministra>
            <numprov>v1</numprov>
            <numparte>p1</numparte>
            <numproyecto>y1</numproyecto>
            <cantidad>200</cantidad>
        </suministra>
        <suministra>
            <numprov>v1</numprov>
            <numparte>p1</numparte>
            <numproyecto>y4</numproyecto>
            <cantidad>700</cantidad>
        </suministra>
        <suministra>
            <numprov>v2</numprov>
            <numparte>p3</numparte>
            <numproyecto>y1</numproyecto>
            <cantidad>400</cantidad>
        </suministra>
        <suministra>
            <numprov>v2</numprov>
            <numparte>p3</numparte>
            <numproyecto>y2</numproyecto>
            <cantidad>200</cantidad>
        </suministra>
        <suministra>
            <numprov>v2</numprov>
            <numparte>p3</numparte>
            <numproyecto>y3</numproyecto>
            <cantidad>300</cantidad>
        </suministra>
        <suministra>
            <numprov>v2</numprov>
            <numparte>p3</numparte>
            <numproyecto>y4</numproyecto>
            <cantidad>500</cantidad>
        </suministra>
        <suministra>
            <numprov>v2</numprov>
            <numparte>p3</numparte>
            <numproyecto>y5</numproyecto>
            <cantidad>600</cantidad>
        </suministra>
        <suministra>
            <numprov>v2</numprov>
            <numparte>p3</numparte>
            <numproyecto>y6</numproyecto>
            <cantidad>400</cantidad>
        </suministra>
        <suministra>
            <numprov>v2</numprov>
            <numparte>p3</numparte>
            <numproyecto>y7</numproyecto>
            <cantidad>600</cantidad>
        </suministra>
        <suministra>
            <numprov>v2</numprov>
            <numparte>p5</numparte>
            <numproyecto>y2</numproyecto>
            <cantidad>100</cantidad>
        </suministra>
        <suministra>
            <numprov>v3</numprov>
            <numparte>p3</numparte>
            <numproyecto>y1</numproyecto>
            <cantidad>200</cantidad>
        </suministra>
        <suministra>
            <numprov>v3</numprov>
            <numparte>p4</numparte>
            <numproyecto>y2</numproyecto>
            <cantidad>500</cantidad>
        </suministra>
        <suministra>
            <numprov>v4</numprov>
            <numparte>p6</numparte>
            <numproyecto>y3</numproyecto>
            <cantidad>300</cantidad>
        </suministra>
        <suministra>
            <numprov>v4</numprov>
            <numparte>p6</numparte>
            <numproyecto>y7</numproyecto>
            <cantidad>300</cantidad>
        </suministra>
        <suministra>
            <numprov>v5</numprov>
            <numparte>p2</numparte>
            <numproyecto>y2</numproyecto>
            <cantidad>200</cantidad>
        </suministra>
        <suministra>
            <numprov>v5</numprov>
            <numparte>p2</numparte>
            <numproyecto>y4</numproyecto>
            <cantidad>100</cantidad>
        </suministra>
        <suministra>
            <numprov>v5</numprov>
            <numparte>p5</numparte>
            <numproyecto>y5</numproyecto>
            <cantidad>500</cantidad>
        </suministra>
        <suministra>
            <numprov>v5</numprov>
            <numparte>p6</numparte>
            <numproyecto>y2</numproyecto>
            <cantidad>200</cantidad>
        </suministra>
        <suministra>
            <numprov>v5</numprov>
            <numparte>p1</numparte>
            <numproyecto>y4</numproyecto>
            <cantidad>100</cantidad>
        </suministra>
        <suministra>
            <numprov>v5</numprov>
            <numparte>p3</numparte>
            <numproyecto>y4</numproyecto>
            <cantidad>200</cantidad>
        </suministra>
        <suministra>
            <numprov>v5</numprov>
            <numparte>p4</numparte>
            <numproyecto>y4</numproyecto>
            <cantidad>800</cantidad>
        </suministra>
        <suministra>
            <numprov>v5</numprov>
            <numparte>p5</numparte>
            <numproyecto>y4</numproyecto>
            <cantidad>400</cantidad>
        </suministra>
        <suministra>
            <numprov>v5</numprov>
            <numparte>p6</numparte>
            <numproyecto>y4</numproyecto>
            <cantidad>500</cantidad>
        </suministra>
    </suministros>
</datos>